Rk,Player,Tm,Age,Pos,G,GS,Cmp,Att,Yds,Sk,PktTime,Bltz,Hrry,Hits,Prss,Prss%,Scrm,Yds/Scr,Year
1,Ben Roethlisberger,PIT,36,QB,16,16,452,675,5129,24,2.2,164,58,37,119,16.7,12,8.3,2018
2,Patrick Mahomes,KAN,23,QB,16,16,383,580,5097,26,2.4,127,121,67,214,33.8,27,7.9,2018
3,Matt Ryan,ATL,33,QB,16,16,422,608,4924,42,2.3,201,53,48,143,21.4,18,6.7,2018
4,Jared Goff,LAR,24,QB,16,16,364,561,4688,33,2.6,151,66,34,133,21.7,18,6.2,2018
5,Andrew Luck,IND,29,QB,16,16,430,639,4593,18,2.3,154,50,51,119,17.6,21,7.6,2018
6,Aaron Rodgers,GNB,35,QB,16,16,372,597,4442,49,2.5,153,90,38,177,26,34,8.3,2018
7,Tom Brady,NWE,41,QB,16,16,375,570,4355,21,2.4,108,48,39,108,18.1,5,6.6,2018
8,Philip Rivers,LAC,37,QB,16,16,347,508,4308,32,2.4,151,45,46,123,22.6,5,3.4,2018
9,Eli Manning,NYG,37,QB,16,16,380,576,4299,47,2.3,122,64,41,152,24.2,4,4,2018
10,Kirk Cousins,MIN,30,QB,16,16,425,606,4298,40,2.5,143,97,39,176,26.5,17,5.6,2018
11,Deshaun Watson,HOU,23,QB,16,16,345,505,4165,62,2.5,163,77,59,198,31.7,58,7.2,2018
12,Derek Carr,OAK,27,QB,16,16,381,553,4049,51,2.2,141,69,28,148,24.2,8,6.4,2018
13,Drew Brees,NOR,39,QB,15,15,364,489,3992,17,2.3,137,43,24,84,16.5,4,6.8,2018
14,Case Keenum,DEN,30,QB,16,16,365,586,3890,34,2.3,180,77,51,162,25.6,12,7.7,2018
15,Dak Prescott,DAL,25,QB,16,16,356,526,3885,56,2.4,168,73,49,178,29.1,29,6.7,2018
16,Matthew Stafford,DET,30,QB,16,16,367,555,3777,40,2.3,165,56,34,130,21.4,12,6.5,2018
17,Baker Mayfield,CLE,23,QB,14,13,310,486,3725,25,2.2,169,84,18,127,24.1,17,8.4,2018
18,Russell Wilson,SEA,30,QB,16,16,280,427,3448,51,2.5,145,82,31,164,32.3,30,9.6,2018
19,Cam Newton,CAR,29,QB,14,14,320,471,3395,29,2.3,135,49,22,100,19,27,7.4,2018
20,Mitchell Trubisky,CHI,24,QB,14,14,289,434,3223,24,2.4,120,59,18,101,20.4,36,8.9,2018
21,Carson Wentz,PHI,26,QB,11,11,279,401,3074,31,2.3,124,44,31,106,23.7,16,5.8,2018
22,Jameis Winston,TAM,24,QB,11,9,244,378,2992,27,2.4,84,43,29,99,22.4,36,7.1,2018
23,Sam Darnold,NYJ,21,QB,13,13,239,414,2865,30,2.4,107,69,12,111,24.2,15,7.7,2018
24,Blake Bortles,JAX,26,QB,13,12,243,403,2718,31,2.4,128,30,31,92,19.4,40,6.7,2018
25,Andy Dalton,CIN,31,QB,11,11,226,365,2566,21,2.3,100,54,15,90,22.6,12,8.3,2018
26,Marcus Mariota,TEN,25,QB,14,13,228,331,2528,42,2.4,108,59,14,115,28.3,33,7.6,2018
27,Joe Flacco,BAL,33,QB,9,9,232,379,2465,16,2.3,116,47,22,85,21.3,4,7,2018
28,Ryan Fitzpatrick,TAM,36,qb,8,7,164,246,2366,14,2.4,76,24,27,65,23,23,6.2,2018
29,Josh Rosen,ARI,21,QB,14,13,217,393,2278,45,2.3,106,39,38,122,27,14,10.4,2018
30,Nick Mullens,SFO,23,QB,8,8,176,274,2277,17,2.4,79,32,41,90,30.8,1,1,2018
31,Alex Smith,WAS,34,QB,10,10,205,328,2180,22,2.4,82,51,23,96,25.9,21,6.2,2018
32,Josh Allen,BUF,22,QB,12,11,169,320,2074,28,2.5,126,54,33,115,29.2,46,11,2018
33,Ryan Tannehill,MIA,30,QB,11,11,176,274,1979,35,2.3,97,30,32,97,30.7,7,10.1,2018
34,Nick Foles,PHI,29,qb,5,5,141,195,1413,9,2.4,38,19,16,44,21.4,2,3,2018
35,C.J. Beathard,SFO,25,qb,6,5,102,169,1252,18,2.3,62,10,18,46,23.2,11,5.5,2018
36,Brock Osweiler,MIA,28,qb,7,5,113,178,1247,17,2.3,41,31,11,59,29.6,4,5.3,2018
37,Lamar Jackson,BAL,21,qb,16,7,99,170,1201,16,2.4,51,33,9,58,28.3,19,6.2,2018
38,Jeff Driskel,CIN,25,qb,9,5,105,176,1003,16,2.3,57,9,16,41,20.2,11,7.4,2018
39,Jimmy Garoppolo,SFO,27,qb,3,3,53,89,718,13,2.4,21,16,4,33,30.8,5,6.6,2018
40,Cody Kessler,JAX,25,qb,5,4,85,131,709,22,2.5,42,27,13,62,36.9,15,8,2018
41,Blaine Gabbert,TEN,29,qb,8,3,61,101,626,5,2.1,28,9,2,16,15.1,0,,2018
42,Josh Johnson,WAS,32,qb,4,3,52,91,590,9,2.5,36,18,6,33,29.2,13,6.5,2018
43,Josh McCown,NYJ,39,qb,4,3,60,110,539,7,2.1,47,8,14,29,23.8,5,6.4,2018
44,Chase Daniel,CHI,32,qb,5,2,53,76,515,9,2.4,20,5,5,19,21.8,2,3,2018
45,Tyrod Taylor,CLE,29,qb,4,3,42,85,473,13,2.4,37,21,9,43,39.4,11,10.1,2018
46,Derek Anderson,BUF,35,qb,2,2,42,70,465,5,2.4,18,14,5,24,32,0,,2018
47,Sam Bradford,ARI,31,qb,3,3,50,80,400,6,2.2,17,8,9,23,26.4,1,8,2018
48,Colt McCoy,WAS,32,qb,3,2,34,54,372,6,2.1,6,8,3,17,25.4,7,7.9,2018
49,Taylor Heinicke,CAR,25,qb,6,1,35,57,320,2,2.6,17,5,8,15,24.6,2,15,2018
50,Nathan Peterman,BUF,24,qb,4,2,44,81,296,7,2.4,32,12,7,26,27.1,8,6,2018
51,Kyle Allen,CAR,22,qb,2,1,20,31,266,0,2.3,11,3,5,8,23.5,3,5.7,2018
52,Matt Barkley,BUF,28,qb,1,1,15,25,232,1,2.4,8,2,3,6,23.1,0,,2018
53,DeShone Kizer,GNB,22,qb,3,0,20,42,187,4,2.5,5,5,4,13,26,4,10,2018
54,Mike Glennon,ARI,29,qb,2,0,15,21,174,1,2,4,1,0,2,9.1,0,,2018
55,Mark Sanchez,WAS,32,qb,2,1,19,35,138,7,2.3,8,10,4,21,48.8,1,8,2018
56,Teddy Bridgewater,NOR,26,qb,5,1,14,23,118,2,2.2,6,5,0,7,25,3,3.7,2018
57,Odell Beckham Jr.,NYG,26,WR,12,12,2,2,106,0,3,2,0,0,0,0,0,,2018
58,Kevin Byard,TEN,25,FS,16,16,1,1,66,0,0,0,0,0,0,0,0,,2018
59,Taysom Hill,NOR,28,qb,16,4,3,7,64,1,2.4,1,0,1,2,20,2,7,2018
60,Jarvis Landry,CLE,26,WR,16,14,1,2,63,0,1.9,0,0,0,0,0,0,,2018
61,Matt Cassel,DET,36,qb,2,0,7,17,59,1,2.3,3,1,0,2,10.5,1,14,2018
62,Albert Wilson,MIA,26,wr,7,3,1,1,52,0,1.1,0,0,0,0,0,0,,2018
63,Christian McCaffrey,CAR,22,RB,16,16,1,1,50,0,2.3,1,0,0,0,0,0,,2018
64,Joshua Dobbs,PIT,23,qb,5,0,6,12,43,0,2.4,2,1,1,2,14.3,2,7.5,2018
65,Julian Edelman,NWE,32,WR,12,12,2,2,43,0,1,0,0,0,0,0,0,,2018
66,Garrett Gilbert,CAR,27,qb,1,0,2,3,40,1,3.3,3,1,1,3,75,0,,2018
67,Larry Fitzgerald,ARI,35,WR,16,16,1,1,32,0,3.3,0,0,0,0,0,0,,2018
68,Chad Henne,KAN,33,qb,1,0,2,3,29,0,1.8,2,0,0,0,0,0,,2018
69,Danny Amendola,MIA,33,WR,15,15,1,1,28,0,1,0,0,0,0,0,0,,2018
70,Emmanuel Sanders,DEN,31,WR,12,12,1,1,28,0,3.5,0,0,0,0,0,0,,2018
71,Sean Mannion,LAR,26,qb,3,0,2,3,23,0,2.2,1,0,0,0,0,0,,2018
72,Nate Sudfeld,PHI,25,qb,2,0,1,2,22,0,2.1,1,1,0,1,50,0,,2018
73,Robert Griffin III,BAL,28,qb,3,0,2,6,21,0,2.4,4,1,0,1,16.7,0,,2018
74,Darius Jennings,TEN,26,wr,16,0,1,1,21,0,1.7,1,0,0,0,0,0,,2018
75,Sam Koch,BAL,36,p,16,0,1,1,21,0,0,0,0,0,0,0,0,,2018
76,Matt Schaub,ATL,37,qb,3,0,5,7,20,0,1.5,0,0,0,0,0,0,,2018
77,Johnny Hekker,LAR,28,p,16,0,2,4,19,0,0,0,0,0,0,0,0,,2018
78,Nelson Agholor,PHI,25,WR,16,16,1,1,15,0,1,0,0,0,0,0,0,,2018
79,Logan Thomas,BUF,27,qb,12,3,1,1,15,0,0,0,0,0,0,0,0,,2018
80,Derrick Henry,TEN,24,RB,16,12,2,3,14,0,1.4,0,1,0,1,33.3,0,,2018
81,Colby Wadman,DEN,23,p,12,0,1,1,12,0,0,0,0,0,0,0,0,,2018
82,A.J. McCarron,OAK,28,qb,2,0,1,3,8,1,2.6,0,1,1,3,75,0,,2018
83,Anthony Miller,CHI,24,wr,15,4,1,1,8,0,1.7,1,0,1,1,100,0,,2018
84,Matt Prater,DET,34,k,16,0,1,1,8,0,0,0,0,0,0,0,0,,2018
85,Geno Smith,LAC,28,qb,5,0,1,4,8,1,2.5,1,2,2,5,83.3,1,9,2018
86,Brian Hoyer,NWE,33,qb,5,0,1,2,7,0,1.4,0,0,0,0,0,0,,2018
87,Tress Way,WAS,28,p,16,0,1,1,7,0,0,0,0,0,0,0,0,,2018
88,Mohamed Sanu,ATL,29,WR,16,16,1,2,5,0,2.8,1,0,0,0,0,0,,2018
89,Logan Cooke,JAX,23,p,16,0,1,1,4,0,0,0,0,0,0,0,0,,2018
90,Kenny Stills,MIA,26,WR,15,15,1,1,3,0,1.2,0,0,0,0,0,0,,2018
91,Chris Boswell,PIT,27,k,15,0,1,1,2,0,0,0,0,0,0,0,0,,2018
92,Jacoby Brissett,IND,26,qb,4,0,2,4,2,0,2.2,2,1,1,2,50,0,,2018
93,Tarik Cohen,CHI,23,RB,16,7,1,1,1,0,1.5,0,0,0,0,0,0,,2018
94,Bryan Anger,TAM,30,p,16,0,0,1,0,0,0,0,0,0,0,0,0,,2018
95,Cole Beasley,DAL,29,wr,16,4,0,1,0,0,5.1,1,1,0,1,100,0,,2018
96,Corey Bojorquez,BUF,22,p,8,0,0,1,0,0,0,0,0,0,0,0,0,,2018
97,Tyler Boyd,CIN,24,WR,14,14,0,1,0,0,3.1,1,0,1,1,100,0,,2018
98,Antonio Brown,PIT,30,WR,15,15,0,1,0,0,0.7,0,0,1,1,100,0,,2018
99,Eric Ebron,IND,25,TE,16,8,0,1,0,0,2.7,0,0,0,0,0,0,,2018
100,Bruce Ellington,2TM,27,,7,3,0,1,0,0,,0,0,0,0,0,0,,2018
101,Dontrell Hilliard,CLE,23,rb,11,0,0,1,0,0,2.7,0,0,0,0,0,0,,2018
102,DeAndre Hopkins,HOU,26,WR,16,16,0,1,0,0,1.4,0,0,0,0,0,0,,2018
103,Zay Jones,BUF,23,WR,16,15,0,1,0,0,1.1,0,0,1,1,100,0,,2018
104,Kyle Lauletta,NYG,23,qb,2,0,0,5,0,0,2.5,2,0,3,3,60,0,,2018
105,JK Scott,GNB,23,k,16,0,0,1,0,0,0,0,0,0,0,0,0,,2018
106,Dede Westbrook,JAX,25,wr,16,9,0,1,0,0,2.8,1,0,1,1,100,0,,2018
1,Jameis Winston,TAM,25,QB,16,16,380,626,5109,47,2.5,241,60,54,161,22.9,31,7.4,2019
2,Dak Prescott,DAL,26,QB,16,16,388,596,4902,23,2.6,155,40,57,120,18.8,20,7.3,2019
3,Jared Goff,LAR,25,QB,16,16,394,626,4638,22,2.6,219,52,48,122,18.5,10,3.8,2019
4,Philip Rivers,LAC,38,QB,16,16,390,591,4615,34,2.5,114,40,56,130,20.6,6,5.5,2019
5,Matt Ryan,ATL,34,QB,15,15,408,616,4466,48,2.5,199,54,62,164,23.9,21,7.1,2019
6,Russell Wilson,SEA,31,QB,16,16,341,516,4110,48,2.5,221,71,57,176,28.9,45,7.4,2019
7,Tom Brady,NWE,42,QB,16,16,373,613,4057,27,2.5,198,55,37,119,18.5,3,11,2019
8,Derek Carr,OAK,28,QB,16,16,361,513,4054,29,2.5,107,67,17,113,20.3,14,5.5,2019
9,Carson Wentz,PHI,27,QB,16,16,388,607,4039,37,2.4,184,67,53,157,23.4,28,6.3,2019
10,Patrick Mahomes,KAN,24,QB,14,14,319,484,4031,17,2.5,108,54,34,105,20,23,9.3,2019
11,Aaron Rodgers,GNB,36,QB,16,16,353,569,4002,36,2.6,154,57,45,138,21.9,26,7.8,2019
12,Jimmy Garoppolo,SFO,28,QB,16,16,329,476,3978,36,2.4,201,41,32,109,20.8,12,4.7,2019
13,Deshaun Watson,HOU,24,QB,15,15,333,495,3852,44,2.5,167,47,39,130,22.3,44,7.1,2019
14,Baker Mayfield,CLE,24,QB,16,16,317,534,3827,40,2.3,211,65,24,129,21.8,17,7.9,2019
15,Kyler Murray,ARI,22,QB,16,16,349,542,3722,48,2.3,151,63,16,127,20.6,28,6.9,2019
16,Kirk Cousins,MIN,31,QB,15,15,307,444,3603,28,2.7,107,48,30,106,22,9,5.6,2019
17,Ryan Fitzpatrick,MIA,37,QB,15,13,311,502,3529,40,2.3,192,48,66,154,26.7,35,7.6,2019
18,Andy Dalton,CIN,32,QB,13,13,314,528,3494,37,2.3,188,36,24,97,16.9,10,6,2019
19,Kyle Allen,CAR,23,QB,13,12,303,489,3322,46,2.4,131,50,28,124,22.4,19,5.3,2019
20,Gardner Minshew II,JAX,23,QB,14,12,285,470,3271,33,2.4,147,55,29,117,21.2,49,7.1,2019
21,Mitchell Trubisky,CHI,25,QB,15,15,326,516,3138,38,2.3,140,56,32,126,21.9,22,5.5,2019
22,Lamar Jackson,BAL,22,QB,15,15,265,401,3127,23,2.6,138,31,21,75,16.2,39,11,2019
23,Josh Allen,BUF,23,QB,16,16,271,461,3089,38,2.3,201,45,43,126,23.2,43,7.3,2019
24,Daniel Jones,NYG,22,QB,13,12,284,459,3027,38,2.5,131,48,66,152,29,27,8.4,2019
25,Sam Darnold,NYJ,22,QB,13,13,273,441,3024,33,2.5,166,63,39,135,28,8,8,2019
26,Drew Brees,NOR,40,QB,11,11,281,378,2979,12,2.3,114,25,17,54,13.8,0,,2019
27,Jacoby Brissett,IND,27,QB,15,15,272,447,2942,27,2.6,135,56,54,137,27,33,6.1,2019
28,Ryan Tannehill,TEN,31,QB,12,10,201,286,2742,31,2.6,104,25,24,80,24.1,15,11,2019
29,Matthew Stafford,DET,31,QB,8,8,187,291,2499,18,2.4,87,23,20,61,19.1,10,5.6,2019
30,Joe Flacco,DEN,34,QB,8,8,171,262,1822,26,2.4,76,41,14,81,27.6,5,4.2,2019
31,Mason Rudolph,PIT,24,QB,10,8,176,283,1765,15,2.6,113,35,30,80,26,10,5,2019
32,Case Keenum,WAS,31,QB,10,8,160,247,1707,15,2.5,64,35,27,77,29.1,3,5,2019
33,Teddy Bridgewater,NOR,27,qb,9,5,133,196,1384,12,2.5,46,22,10,44,20,12,3.3,2019
34,Dwayne Haskins,WAS,22,qb,9,7,119,203,1365,29,2.6,75,30,17,76,31.1,12,6.7,2019
35,Marcus Mariota,TEN,26,qb,7,6,95,160,1203,25,2.4,57,23,12,60,30.3,13,6.7,2019
36,Devlin Hodges,PIT,23,qb,8,6,100,160,1063,15,2.5,73,15,13,43,23.5,8,9,2019
37,Eli Manning,NYG,38,qb,4,4,91,147,1042,5,2.4,37,10,8,23,15,1,6,2019
38,Drew Lock,DEN,23,qb,5,5,100,156,1020,5,2.6,47,16,18,39,22.7,11,6.7,2019
39,David Blough,DET,24,qb,5,5,94,174,984,14,2.6,63,18,12,44,22.7,6,5.3,2019
40,Nick Foles,JAX,30,qb,4,4,77,117,736,8,2.3,27,7,5,20,15.7,2,3.5,2019
41,Jeff Driskel,DET,26,qb,3,3,62,105,685,11,2.6,26,18,15,44,34.4,12,8.9,2019
42,Matt Moore,KAN,35,qb,6,2,59,91,659,8,2.4,21,6,11,25,25,1,3,2019
43,Matt Schaub,ATL,38,qb,6,1,50,67,580,2,2.2,17,2,6,10,14.5,0,,2019
44,Cam Newton,CAR,30,qb,2,2,50,89,572,6,2.2,43,12,5,23,24,1,3,2019
45,Josh Rosen,MIA,22,qb,6,3,58,109,567,16,2.4,28,16,15,47,36.7,3,4.3,2019
46,Brandon Allen,DEN,27,qb,3,3,39,84,515,9,2.3,30,5,4,18,18.4,5,5.8,2019
47,Ryan Finley,CIN,25,qb,3,3,41,87,474,11,2.7,40,19,7,37,35.6,6,11.5,2019
48,Chase Daniel,CHI,33,qb,3,1,45,64,435,7,2.5,12,8,5,20,27.8,1,2,2019
49,Luke Falk,NYJ,25,qb,3,2,47,73,416,16,2.4,33,12,9,37,41.6,0,,2019
50,Brian Hoyer,IND,34,qb,4,1,35,65,372,5,2.5,30,7,7,19,26.4,2,3.5,2019
51,Matt Barkley,BUF,29,qb,2,0,27,51,359,2,2.2,24,2,1,5,9.4,0,,2019
52,Ben Roethlisberger,PIT,37,qb,2,2,35,62,351,2,2.3,17,14,2,18,27.7,1,7,2019
53,Will Grier,CAR,24,qb,2,2,28,52,228,6,2.4,9,12,2,20,31.7,5,4.4,2019
54,Robert Griffin III,BAL,29,qb,7,1,23,38,225,5,2.5,24,0,4,9,20.5,1,16,2019
55,A.J. McCarron,HOU,29,qb,2,1,21,37,225,5,2.8,15,8,2,15,31.9,5,7.8,2019
56,Sean Mannion,MIN,27,qb,3,1,12,21,126,0,2.5,3,8,3,11,52.4,0,,2019
57,Colt McCoy,WAS,33,qb,1,1,18,27,122,6,2.4,7,3,3,12,34.3,2,7,2019
58,Mike Glennon,OAK,30,qb,2,0,6,10,56,0,2.5,4,0,2,2,20,0,,2019
59,Taysom Hill,NOR,29,wr,16,5,3,6,55,1,2.3,1,1,0,2,22.2,2,8.5,2019
60,Brett Hundley,ARI,26,qb,3,0,5,11,49,2,2.5,4,0,0,2,13.3,2,13,2019
61,Julian Edelman,NWE,33,WR,16,13,2,2,47,0,3.7,0,0,1,1,50,0,,2019
62,Courtland Sutton,DEN,24,WR,16,14,1,1,38,0,4.3,1,0,0,0,0,0,,2019
63,Jaylen Samuels,PIT,23,te,14,4,4,5,35,0,1.2,3,0,1,1,20,0,,2019
64,Emmanuel Sanders,2TM,32,,17,16,1,1,35,0,,0,0,0,0,0,0,,2019
65,James White,NWE,27,rb,15,1,1,1,35,0,2.8,0,0,0,0,0,0,,2019
66,Tyrod Taylor,LAC,30,qb,8,0,4,6,33,0,2.1,1,0,0,0,0,0,,2019
67,John Brown,BUF,29,WR,15,15,1,1,28,0,3.9,0,0,0,0,0,0,,2019
68,Johnny Hekker,LAR,29,p,16,0,2,3,28,0,0,0,0,0,0,0,0,,2019
69,Alex Erickson,CIN,27,wr,16,6,1,1,26,0,3.8,0,0,0,0,0,0,,2019
70,Andy Lee,ARI,37,p,15,0,1,1,26,0,0,0,0,0,0,0,0,,2019
71,Josh McCown,PHI,40,qb,3,0,3,5,24,0,1.9,0,0,0,0,0,0,,2019
72,Odell Beckham Jr.,CLE,27,WR,16,15,1,2,20,0,2.3,0,0,0,0,0,0,,2019
73,Albert Wilson,MIA,27,wr,13,4,1,2,20,1,2.3,3,0,0,1,33.3,0,,2019
74,Danny Amendola,DET,34,WR,15,10,1,1,19,0,4.1,1,0,0,0,0,0,,2019
75,Ryan Griffin,TAM,30,qb,2,0,2,4,18,0,2.4,2,1,0,1,25,0,,2019
76,Logan Cooke,JAX,24,p,16,0,2,2,16,1,0,0,0,0,1,33.3,0,,2019
77,Dante Pettis,SFO,24,wr,11,4,1,1,16,0,1.2,0,0,0,0,0,0,,2019
78,Tim Boyle,GNB,25,qb,3,0,3,4,15,0,1.7,0,0,1,1,25,0,,2019
79,Jarrett Stidham,NWE,23,qb,3,0,2,4,14,1,2.4,2,0,0,1,20,0,,2019
80,Alvin Kamara,NOR,24,RB,14,9,1,1,13,0,1.5,1,0,0,0,0,0,,2019
81,Michael Palardy,CAR,27,p,16,0,1,1,12,0,0,0,0,0,0,0,0,,2019
82,Kelvin Harmon,WAS,23,WR,16,8,1,1,11,0,1.1,0,1,0,1,100,0,,2019
83,Brett Kern,TEN,33,p,16,0,1,2,11,0,0,0,0,0,0,0,0,,2019
84,Andrew Beck,DEN,23,te,16,6,1,1,6,0,1.8,1,0,0,0,0,0,,2019
85,DeAndre Hopkins,HOU,27,WR,15,15,1,2,6,0,3.1,1,0,0,0,0,0,,2019
86,Kenjon Barner,ATL,30,rb,14,0,1,1,3,0,1.2,1,0,0,0,0,0,,2019
87,Blake Bortles,LAR,27,qb,3,0,1,2,3,0,2.3,1,0,0,0,0,0,,2019
88,Trevor Siemian,NYJ,28,qb,1,1,3,6,3,2,2.6,4,1,1,4,50,0,,2019
89,Matt Haack,MIA,25,p,16,0,1,2,1,0,0,0,0,0,0,0,0,,2019
90,Alex Tanney,NYG,32,qb,1,0,1,1,1,0,2.9,1,0,0,0,0,0,,2019
91,Randall Cobb,DAL,29,wr,15,6,0,1,0,0,4.8,0,1,0,1,100,0,,2019
92,Dustin Colquitt,KAN,37,p,16,0,0,1,0,0,0,0,0,0,0,0,0,,2019
93,Stefon Diggs,MIN,26,WR,15,15,0,1,0,0,4.1,0,0,0,0,0,0,,2019
94,Jake Elliott,PHI,24,k,16,0,0,1,0,0,0,0,0,0,0,0,0,,2019
95,Garrett Gilbert,CLE,28,qb,5,0,0,3,0,0,2.6,1,0,0,0,0,0,,2019
96,Josh Gordon,2TM,28,,11,7,0,1,0,0,,0,0,1,1,100,0,,2019
97,Cooper Kupp,LAR,26,WR,16,14,0,1,0,0,4.3,1,0,0,0,0,0,,2019
98,Christian McCaffrey,CAR,23,RB,16,16,0,2,0,0,1.8,1,1,0,1,50,0,,2019
99,Zach Pascal,IND,25,WR,16,13,0,1,0,0,3.1,0,0,0,0,0,0,,2019
100,Bilal Powell,NYJ,31,rb,13,1,0,1,0,0,4,0,0,0,0,0,0,,2019
101,Steven Sims,WAS,22,wr,16,2,0,1,0,0,4.3,0,0,0,0,0,0,,2019
102,Sam Koch,BAL,37,p,16,0,1,1,-2,0,0,0,0,0,0,0,0,,2019
1,Deshaun Watson,HOU,25,QB,16,16,382,544,4823,49,2.5,168,75,47,171,26.1,62,6.4,2020
2,Patrick Mahomes,KAN,25,QB,15,15,390,588,4740,22,2.6,141,62,59,143,22,40,7.3,2020
3,Tom Brady,TAM,43,QB,16,16,401,610,4633,21,2.4,161,34,58,113,17.8,4,2,2020
4,Matt Ryan,ATL,35,QB,16,16,407,626,4581,41,2.6,204,55,70,166,24.3,16,6.5,2020
5,Josh Allen,BUF,24,QB,16,16,396,572,4544,26,2.6,244,64,47,137,21.9,29,7.9,2020
6,Justin Herbert,LAC,22,QB,15,15,396,595,4336,32,2.4,170,85,70,187,28.7,25,5.6,2020
7,Aaron Rodgers,GNB,37,QB,16,16,372,526,4299,20,2.5,168,33,28,81,14.2,24,6.2,2020
8,Kirk Cousins,MIN,32,QB,16,16,349,516,4265,39,2.6,181,56,78,173,30.2,17,8.1,2020
9,Russell Wilson,SEA,32,QB,16,16,384,558,4212,47,2.6,206,65,67,179,27.2,53,8.7,2020
10,Philip Rivers,IND,39,QB,16,16,369,543,4169,19,2.3,124,37,37,93,16.5,1,3,2020
11,Derek Carr,LVR,29,QB,16,16,348,517,4103,26,2.5,173,56,30,112,19.8,23,5.4,2020
12,Matthew Stafford,DET,32,QB,16,16,339,528,4084,38,2.4,179,45,39,122,21,16,7.3,2020
13,Kyler Murray,ARI,23,QB,16,16,375,558,3971,27,2.4,156,55,24,106,16.7,51,8.4,2020
14,Jared Goff,LAR,26,QB,15,15,370,552,3952,23,2.5,185,42,54,119,19.9,22,4.5,2020
15,Ryan Tannehill,TEN,32,QB,16,16,315,481,3819,24,2.5,161,36,61,121,23,20,7.4,2020
16,Ben Roethlisberger,PIT,38,QB,15,15,399,608,3803,13,2.1,175,42,51,106,17,3,7,2020
17,Teddy Bridgewater,CAR,28,QB,15,15,340,492,3733,31,2.3,154,42,38,111,19.8,37,7.4,2020
18,Baker Mayfield,CLE,25,QB,16,16,305,486,3563,26,2.7,179,49,26,101,18.8,25,6.1,2020
19,Daniel Jones,NYG,23,QB,14,14,280,448,2943,45,2.5,200,56,55,156,30.3,22,7.9,2020
20,Drew Brees,NOR,41,QB,12,12,275,390,2942,13,2.4,92,13,33,59,14.6,2,1.5,2020
21,Drew Lock,DEN,24,QB,13,13,254,443,2933,19,2.6,148,53,46,118,24.4,22,6,2020
22,Lamar Jackson,BAL,23,QB,15,15,242,376,2757,29,2.5,104,49,24,102,22.5,49,7.2,2020
23,Joe Burrow,CIN,24,QB,10,10,264,404,2688,32,2.3,138,30,47,109,24.1,16,5.2,2020
24,Cam Newton,NWE,31,QB,15,15,242,368,2657,31,2.6,178,48,30,109,26,20,9.3,2020
25,Carson Wentz,PHI,28,QB,12,12,251,437,2620,50,2.6,167,35,64,149,29.3,22,8.4,2020
26,Nick Mullens,SFO,25,QB,10,8,211,326,2437,19,2.4,116,33,56,108,31.1,2,5,2020
27,Gardner Minshew II,JAX,24,QB,9,8,216,327,2259,27,2.4,90,38,20,85,22.5,24,6.6,2020
28,Sam Darnold,NYJ,23,QB,12,12,217,364,2208,35,2.4,143,43,38,116,27.3,26,8,2020
29,Andy Dalton,DAL,33,QB,11,9,216,333,2170,24,2.3,119,15,25,64,17.2,15,5.7,2020
30,Ryan Fitzpatrick,MIA,38,qb,9,7,183,267,2091,14,2.2,99,22,31,67,22.6,15,8,2020
31,Mitchell Trubisky,CHI,26,QB,10,9,199,297,2055,18,2.3,80,25,21,64,19.3,17,9.8,2020
32,Dak Prescott,DAL,27,qb,5,5,151,222,1856,10,2.5,66,23,19,52,21.7,8,8,2020
33,Nick Foles,CHI,31,qb,9,7,202,312,1852,18,2.2,99,15,41,74,22.2,3,3.7,2020
34,Tua Tagovailoa,MIA,22,QB,10,9,186,290,1814,20,2.3,115,14,14,48,14.7,16,5.8,2020
35,Alex Smith,WAS,36,QB,8,6,168,252,1582,22,2.3,63,37,27,86,31,3,3,2020
36,Dwayne Haskins,WAS,23,qb,7,6,148,241,1439,20,2.3,66,17,24,61,22.8,7,8.3,2020
37,Jimmy Garoppolo,SFO,29,qb,6,6,94,140,1096,11,2.3,50,8,14,33,21.3,4,5.3,2020
38,Mike Glennon,JAX,31,qb,5,5,111,179,1072,9,2.3,32,10,12,31,16.1,4,3.3,2020
39,Jalen Hurts,PHI,22,qb,15,4,77,148,1061,13,2.3,55,16,12,41,22.2,24,6.9,2020
40,Taysom Hill,NOR,30,wr/qb,16,8,88,121,928,14,2.7,41,10,13,37,24.3,17,9.4,2020
41,Brandon Allen,CIN,28,qb,5,5,90,142,925,7,2.3,37,4,16,27,17.5,5,2.8,2020
42,Joe Flacco,NYJ,35,qb,5,4,74,134,864,7,2.3,56,16,20,43,29.5,5,4.4,2020
43,C.J. Beathard,SFO,27,qb,6,2,66,104,787,9,2.6,27,4,13,26,22.8,1,7,2020
44,Jake Luton,JAX,24,qb,3,3,60,110,624,7,2.3,44,10,8,25,21.2,1,13,2020
45,Kyle Allen,WAS,24,qb,4,4,60,87,610,7,2.5,31,9,9,25,25.5,4,7,2020
46,Jeff Driskel,DEN,27,qb,3,1,35,64,432,11,2.5,47,8,14,33,42.3,3,5,2020
47,Colt McCoy,NYG,34,qb,4,2,40,66,375,5,2.4,21,6,8,19,25.3,4,3.3,2020
48,P.J. Walker,CAR,25,qb,4,1,32,56,368,4,2.3,23,4,4,12,20,0,,2020
49,Mason Rudolph,PIT,25,qb,5,1,25,43,324,1,2.2,12,12,3,16,35.6,1,1,2020
50,Brett Rypien,DEN,24,qb,3,1,27,40,295,1,2.4,17,4,6,11,26.8,0,,2020
51,Chase Daniel,DET,34,qb,4,0,29,43,264,3,2.3,14,3,4,10,20.8,2,8,2020
52,Jarrett Stidham,NWE,24,qb,5,0,22,44,256,4,2.7,18,5,8,17,34,2,3.5,2020
53,Chad Henne,KAN,35,qb,3,1,28,38,248,2,1.9,8,2,4,8,20,0,,2020
54,Garrett Gilbert,DAL,29,qb,1,1,21,38,243,2,2.3,17,10,6,18,42.9,2,13,2020
55,John Wolford,LAR,25,qb,1,1,22,38,231,2,2.1,18,3,4,9,21.4,2,12,2020
56,Marcus Mariota,LVR,27,qb,1,0,17,28,226,0,2.4,4,3,2,5,15.6,4,4.5,2020
57,Ben DiNucci,DAL,24,qb,3,1,23,43,219,7,2.5,14,8,3,18,35.3,1,9,2020
58,Tyrod Taylor,LAC,31,qb,2,1,16,30,208,2,2.5,9,5,2,9,26.5,2,3.5,2020
59,Matt Barkley,BUF,30,qb,5,0,11,21,197,1,2.6,10,1,1,3,13.6,0,,2020
60,Ryan Finley,CIN,26,qb,5,1,17,32,164,9,2.3,18,3,8,20,46.5,2,11.5,2020
61,Blaine Gabbert,TAM,31,qb,4,0,9,16,143,1,1.6,8,1,0,2,10.5,2,9,2020
62,Taylor Heinicke,WAS,27,qb,1,0,12,19,137,1,3,3,1,1,3,13,3,7.3,2020
63,Brian Hoyer,NWE,35,qb,1,1,15,24,130,2,2.2,11,0,1,3,11.1,1,8,2020
64,Chris Streveler,ARI,25,qb,5,0,11,16,105,2,1.8,4,0,1,3,16.7,0,,2020
65,Trace McSorley,BAL,25,qb,2,0,3,10,90,0,2.3,2,2,0,2,18.2,1,9,2020
66,Jameis Winston,NOR,26,qb,4,0,7,11,75,2,2.2,5,1,1,4,28.6,1,3,2020
67,Jarvis Landry,CLE,28,WR,15,14,4,4,74,0,3.3,2,0,3,3,75,0,,2020
68,David Blough,DET,25,qb,1,0,6,10,49,1,2.9,1,0,6,7,58.3,1,18,2020
69,Case Keenum,CLE,32,qb,2,0,5,10,46,0,2.2,2,0,2,2,20,0,,2020
70,Jamison Crowder,NYJ,27,WR,12,7,1,1,43,0,1.8,1,0,0,0,0,0,,2020
71,Jakobi Meyers,NWE,24,wr,14,9,2,2,43,0,2.4,1,0,1,1,50,0,,2020
72,Robert Griffin III,BAL,30,qb,4,1,8,14,42,3,2.1,7,0,3,6,35.3,0,,2020
73,Russell Gage,ATL,24,wr,16,8,1,2,39,0,2.6,2,0,1,1,50,0,,2020
74,Julian Edelman,NWE,34,wr,6,1,2,2,38,0,1.5,1,0,0,0,0,0,,2020
75,Geno Smith,SEA,30,qb,1,0,4,5,33,1,2.1,4,0,1,2,33.3,0,,2020
76,Lynn Bowden Jr.,MIA,23,wr,10,4,1,2,32,0,5.1,2,0,1,1,25,2,5.5,2020
77,Nate Sudfeld,PHI,27,qb,1,0,5,12,32,2,2.3,7,2,3,7,46.7,1,12,2020
78,Zay Jones,LVR,25,wr,16,2,1,1,29,0,3.1,0,0,0,0,0,0,,2020
79,Joseph Charlton,CAR,23,p,16,0,1,1,28,1,0,0,0,0,1,50,0,,2020
80,Logan Thomas,WAS,29,TE,16,15,1,1,28,0,4.5,0,0,0,0,0,0,,2020
81,Andy Lee,ARI,38,p,16,0,1,1,26,0,0,0,0,0,0,0,0,,2020
82,Nathan Peterman,LVR,26,qb,1,0,3,5,25,2,2.6,1,0,0,2,25,1,9,2020
83,Cedrick Wilson Jr.,DAL,25,wr,16,0,2,2,23,0,3.7,1,0,0,0,0,0,,2020
84,Cole Beasley,BUF,31,wr,15,10,1,1,20,0,3,0,0,0,0,0,0,,2020
85,A.J. McCarron,HOU,30,qb,2,0,1,1,20,1,0,1,0,0,1,50,0,,2020
86,Odell Beckham Jr.,CLE,28,WR,7,7,1,1,18,0,1.7,1,0,0,0,0,0,,2020
87,Tyler Bray,CHI,29,qb,1,0,1,5,18,0,2.1,0,0,1,1,20,0,,2020
88,Golden Tate,NYG,32,wr,12,4,1,2,18,0,4.8,1,0,1,1,50,0,,2020
89,Jacoby Brissett,IND,28,qb,11,0,2,8,17,2,2.8,3,3,0,5,45.5,1,2,2020
90,Tyler Boyd,CIN,26,wr,15,8,1,2,16,0,2.7,1,0,0,0,0,0,,2020
91,Tyler Huntley,BAL,22,qb,2,0,3,5,15,0,2.1,2,0,1,1,20,0,,2020
92,Sam Koch,BAL,38,p,15,0,1,1,15,0,0,0,0,0,0,0,0,,2020
93,Greg Ward,PHI,25,wr,16,10,1,1,15,0,5.2,1,0,1,1,50,1,2,2020
94,Kendall Hinton,DEN,23,wr,1,0,1,9,13,1,2.9,5,1,4,6,54.5,1,5,2020
95,Jaquan Johnson,BUF,25,db,14,0,1,1,13,0,0,0,0,0,0,0,0,,2020
96,Tommy Townsend,KAN,24,p,16,0,1,1,13,0,0,0,0,0,0,0,0,,2020
97,Isaiah McKenzie,BUF,25,wr,16,7,1,1,12,0,2.9,0,0,0,0,0,0,,2020
98,Logan Woodside,TEN,25,qb,6,0,1,3,7,0,1.4,0,1,0,1,33.3,0,,2020
99,Travis Kelce,KAN,31,TE,15,15,1,2,4,0,3.2,0,0,0,0,0,0,,2020
100,Easton Stick,LAC,25,qb,1,0,1,1,4,0,2.3,1,0,0,0,0,0,,2020
101,Joshua Dobbs,PIT,25,qb,1,0,4,5,2,0,1.5,0,0,1,1,20,0,,2020
102,Jamal Agnew,DET,25,db,14,2,0,1,0,0,4.5,0,0,0,0,0,0,,2020
103,Keenan Allen,LAC,28,WR,14,13,0,1,0,0,3.2,0,0,0,0,0,0,,2020
104,Randall Cobb,HOU,30,wr,10,2,0,1,0,0,3.1,1,0,0,0,0,0,,2020
105,Riley Dixon,NYG,27,p,16,0,0,1,0,0,0,0,0,0,0,0,0,,2020
106,Alex Erickson,CIN,28,wr,16,2,0,1,0,0,4.6,1,0,1,1,100,0,,2020
107,Chris Jones,DAL,31,p,8,0,0,1,0,0,0,0,0,0,0,0,0,,2020
108,Brett Kern,TEN,34,p,13,0,0,1,0,0,0,0,0,0,0,0,0,,2020
109,D.J. Moore,CAR,23,WR,15,14,0,1,0,0,4.1,1,0,0,0,0,0,,2020
110,Zach Pascal,IND,26,WR,16,14,0,1,0,0,3.1,0,0,0,0,0,0,,2020
111,Sammy Watkins,KAN,27,WR,10,9,0,1,0,0,4.6,1,0,0,0,0,0,,2020
112,Isaiah Wright,WAS,23,wr,14,6,0,1,0,0,6.4,0,0,1,1,100,0,,2020
1,Zach Wilson,NYJ,22,QB,13,13,213,383,2334,44,2.4,127,66,26,136,30.6,17,10.5,2021
2,Sam Darnold,CAR,24,QB,12,11,243,406,2527,35,2.5,128,60,40,135,29.1,23,8.1,2021
3,Teddy Bridgewater,DEN,29,QB,14,14,285,426,3052,31,2.5,118,64,42,137,29,15,6.6,2021
4,Matt Ryan,ATL,36,QB,17,17,375,560,3968,40,2.4,166,48,84,172,27.9,16,4.9,2021
5,Justin Fields,CHI,22,QB,12,10,159,270,1870,36,2.4,96,29,31,96,27.3,46,8,2021
6,Russell Wilson,SEA,33,QB,14,14,259,400,3113,33,2.4,113,48,42,123,27,23,7.3,2021
7,Jacoby Brissett,MIA,29,QB,11,5,141,225,1283,19,2.5,62,26,24,69,26.8,13,5,2021
8,Kirk Cousins,MIN,33,QB,16,16,372,561,4221,28,2.4,168,68,65,161,26.6,16,7.8,2021
9,Jalen Hurts,PHI,23,QB,15,15,265,432,3144,26,2.7,124,76,32,134,26.4,50,8.3,2021
10,Carson Wentz,IND,29,QB,17,17,322,516,3563,32,2.5,156,41,75,148,25.8,26,7.1,2021
11,Josh Allen,BUF,25,QB,17,17,409,646,4407,26,2.4,182,95,64,185,25.7,48,9.6,2021
12,Taylor Heinicke,WAS,28,QB,16,15,321,494,3419,38,2.5,145,55,47,140,24.6,38,7.1,2021
13,Jared Goff,DET,27,QB,14,14,332,494,3245,35,2.4,110,50,48,133,24.6,11,6.1,2021
14,Joe Burrow,CIN,25,QB,16,16,366,520,4611,51,2.3,125,46,48,145,24.5,21,5.4,2021
15,Ryan Tannehill,TEN,33,QB,17,17,357,531,3734,47,2.3,166,31,64,142,23.8,19,10.5,2021
16,Baker Mayfield,CLE,26,QB,14,14,253,418,3010,43,2.4,124,52,18,113,23.3,25,5.2,2021
17,Daniel Jones,NYG,24,QB,11,11,232,361,2428,22,2.5,120,37,36,95,23.3,24,6.4,2021
18,Trevor Lawrence,JAX,22,QB,17,17,359,602,3641,32,2.4,147,67,52,151,22.6,33,7.3,2021
19,Lamar Jackson,BAL,24,QB,12,12,246,382,2882,38,2.5,151,39,29,106,22.6,49,8,2021
20,Aaron Rodgers,GNB,38,QB,16,16,366,531,4115,30,2.2,135,59,40,129,22.3,17,6.5,2021
21,Patrick Mahomes,KAN,26,QB,17,17,436,658,4839,28,2.3,112,76,58,162,22.1,46,8.7,2021
22,Derek Carr,LVR,30,QB,17,17,428,626,4804,40,2.5,167,58,48,146,21.4,17,6.3,2021
23,Davis Mills,HOU,23,QB,13,11,263,394,2664,31,2.2,121,30,30,91,20.9,10,4.2,2021
24,Tua Tagovailoa,MIA,23,QB,13,12,263,388,2653,20,2.1,100,45,24,89,20.9,18,6.9,2021
25,Kyler Murray,ARI,24,QB,14,14,333,481,3787,31,2.3,108,68,13,112,20.7,30,7.6,2021
26,Andy Dalton,CHI,34,QB,8,6,149,236,1515,18,2.2,92,23,13,54,20.3,12,6.8,2021
27,Justin Herbert,LAC,23,QB,17,17,443,672,5014,31,2.4,155,51,61,143,19.4,36,7.8,2021
28,Dak Prescott,DAL,28,QB,16,16,410,596,4449,30,2.4,187,46,48,124,19.2,20,6.4,2021
29,Jimmy Garoppolo,SFO,30,QB,15,15,301,441,3810,29,2.3,100,24,36,89,18.7,6,3.7,2021
30,Ben Roethlisberger,PIT,39,QB,16,16,390,605,3740,38,2.1,145,44,38,120,18.6,3,6,2021
31,Mac Jones,NWE,23,QB,17,17,352,521,3801,28,2.4,181,29,47,104,18.4,15,7.1,2021
32,Matthew Stafford,LAR,33,QB,17,17,404,601,4886,30,2.4,137,32,42,104,16.3,8,6.1,2021
33,Tom Brady,TAM,44,QB,17,17,485,719,5316,22,2.3,176,30,31,83,11.1,10,7.6,2021
1,Patrick Mahomes,KAN,27,QB,17,17,435,648,5250,26,2.6,160,58,56,140,19.40%,46,7.5,2022
2,Justin Herbert,LAC,24,QB,17,17,477,699,4739,38,2.5,182,50,72,160,21.10%,22,6.5,2022
3,Tom Brady,TAM,45,QB,17,17,490,733,4694,22,2.2,130,23,55,100,13.20%,3,1,2022
4,Kirk Cousins,MIN,34,QB,17,17,424,643,4547,46,2.5,159,36,84,166,23.70%,12,9.1,2022
5,Joe Burrow,CIN,26,QB,16,16,414,606,4475,41,2.2,110,22,48,111,16.50%,27,7.5,2022
6,Jared Goff,DET,28,QB,17,17,382,587,4438,23,2.4,186,43,53,119,19.10%,14,4.6,2022
7,Josh Allen,BUF,26,QB,16,16,359,567,4283,33,2.5,144,41,40,114,17.40%,57,9.4,2022
8,Geno Smith,SEA,32,QB,17,17,399,572,4282,46,2.4,170,37,64,147,22.50%,34,9.1,2022
9,Trevor Lawrence,JAX,23,QB,17,17,387,584,4113,27,2.2,158,45,39,111,17.50%,24,9.1,2022
10,Jalen Hurts,PHI,24,QB,15,15,306,460,3701,38,2.3,172,39,22,99,18.30%,44,7.8,2022
11,Aaron Rodgers,GNB,39,QB,17,17,350,542,3695,32,2.4,136,37,39,108,18.40%,13,7.8,2022
12,Tua Tagovailoa,MIA,24,QB,13,13,259,400,3548,21,2.3,86,40,25,86,20.00%,10,7.6,2022
13,Russell Wilson,DEN,34,QB,15,15,292,483,3524,55,2.5,138,42,65,162,28.60%,28,7.8,2022
14,Derek Carr,LVR,31,QB,15,15,305,502,3522,27,2.6,119,33,40,100,18.40%,14,6.9,2022
15,Daniel Jones,NYG,25,QB,16,16,317,472,3205,44,2.5,137,46,53,143,25.10%,53,7.2,2022
16,Davis Mills,HOU,24,QB,15,15,292,479,3118,31,2.3,127,34,59,124,23.60%,16,6.3,2022
17,Matt Ryan,IND,37,QB,12,12,309,461,3057,38,2.3,145,33,51,122,24.00%,10,8,2022
18,Mac Jones,NWE,24,QB,14,14,288,442,2997,34,2.2,94,34,27,95,19.20%,20,5.8,2022
19,Andy Dalton,NOR,35,QB,14,14,252,378,2871,25,2.3,99,15,21,61,14.70%,11,4.8,2022
20,Dak Prescott,DAL,29,QB,12,12,261,394,2860,20,2.5,102,29,37,86,20.00%,15,5,2022
21,Jacoby Brissett,CLE,30,QB,16,11,236,369,2608,24,2.5,101,39,39,102,24.50%,23,8.7,2022
22,Ryan Tannehill,TEN,34,QB,12,12,212,325,2536,33,2.5,105,22,35,90,24.30%,13,7.2,2022
23,Jimmy Garoppolo,SFO,31,QB,11,10,207,308,2437,18,2.3,87,9,24,51,15.50%,3,3.7,2022
24,Kenny Pickett,PIT,24,QB,13,12,245,389,2404,27,2.5,95,34,32,93,21.00%,27,7.3,2022
25,Kyler Murray,ARI,25,QB,11,11,259,390,2368,25,2.2,89,42,15,82,18.50%,29,7.9,2022
26,Justin Fields,CHI,23,QB,15,15,192,318,2242,55,2.7,102,33,31,119,26.90%,69,9.6,2022
27,Lamar Jackson,BAL,25,QB,12,12,203,326,2242,26,2.6,125,32,15,73,19.40%,24,8.2,2022
28,Marcus Mariota,ATL,29,QB,13,13,184,300,2219,28,2.6,101,13,33,74,20.90%,26,7.4,2022
29,Baker Mayfield,2TM,27,,12,10,201,335,2163,36,,110,23,21,80,20.70%,15,5.5,2022
30,Matthew Stafford,LAR,34,QB,9,9,206,303,2087,29,2.3,77,23,27,79,23.40%,5,3,2022
31,Taylor Heinicke,WAS,29,QB,9,9,161,259,1859,19,2.5,63,22,40,81,27.70%,14,6.5,2022
32,Carson Wentz,WAS,30,QB,8,7,172,276,1755,26,2.3,84,15,29,70,22.30%,12,6.8,2022
33,Zach Wilson,NYJ,23,QB,9,9,132,242,1688,23,2.5,94,36,15,74,26.60%,13,7.5,2022
34,Brock Purdy,SFO,23,QB,9,5,114,170,1374,11,2.3,54,5,15,31,16.60%,6,4.2,2022
35,Mitchell Trubisky,PIT,28,QB,7,5,117,180,1252,11,2.3,43,9,10,30,15.40%,4,4.5,2022
36,Mike White,NYJ,27,QB,4,4,103,175,1192,9,2.3,28,5,16,30,16.20%,1,4,2022
37,Sam Darnold,CAR,25,QB,6,6,82,140,1143,10,2.7,49,13,9,32,20.10%,9,9,2022
38,Deshaun Watson,CLE,27,QB,6,6,99,170,1102,20,2.9,35,5,12,37,18.10%,14,7.1,2022
39,Joe Flacco,NYJ,37,QB,5,4,110,191,1051,10,2.4,55,16,26,52,25.70%,1,7,2022
40,Cooper Rush,DAL,29,QB,9,5,94,162,1051,7,2.2,47,14,17,38,22.20%,2,4,2022
41,Jameis Winston,NOR,28,QB,3,3,73,115,858,11,2.5,41,9,11,31,24.00%,3,3.7,2022
42,Bailey Zappe,NWE,23,QB,4,2,65,92,781,6,2.5,36,5,2,13,13.10%,1,5,2022
43,Colt McCoy,ARI,36,QB,4,3,90,132,780,13,2.1,25,4,15,32,20.90%,8,4.3,2022
44,P.J. Walker,CAR,27,QB,6,5,63,106,731,7,2.2,28,4,4,15,13.00%,2,13,2022
45,Desmond Ridder,ATL,23,QB,4,4,73,115,708,9,2.7,41,1,8,18,13.30%,11,5.5,2022
46,Teddy Bridgewater,MIA,30,QB,5,2,49,79,683,7,2.7,7,5,13,25,28.10%,3,9,2022
47,Gardner Minshew II,PHI,26,QB,5,2,44,76,663,6,2.5,15,4,2,12,14.30%,2,2,2022
48,Tyler Huntley,BAL,24,QB,6,4,75,112,658,7,1.9,27,8,3,18,13.40%,15,6.1,2022
49,Jarrett Stidham,LVR,26,QB,5,2,53,83,656,7,2.7,18,6,17,30,29.70%,11,7.2,2022
50,Sam Ehlinger,IND,24,QB,4,3,64,101,573,14,2.5,23,8,7,29,23.00%,11,6.5,2022
51,Skylar Thompson,MIA,25,QB,7,2,60,105,534,6,2.6,15,16,25,47,40.50%,5,4,2022
52,Brett Rypien,DEN,26,QB,4,2,53,88,483,8,2.4,22,2,9,19,19.60%,1,6,2022
53,Kyle Allen,HOU,26,QB,2,2,46,78,416,5,2,22,2,7,14,16.50%,2,4.5,2022
54,Trace McSorley,ARI,27,QB,6,1,45,83,412,3,2.2,24,5,8,16,17.40%,6,6.2,2022
55,Joshua Dobbs,TEN,27,QB,2,2,40,68,411,6,2.5,25,11,16,33,42.90%,3,7.7,2022
56,David Blough,ARI,27,QB,2,2,38,58,402,5,2.2,15,0,7,12,18.50%,2,3.5,2022
57,John Wolford,LAR,27,QB,3,3,38,62,390,7,2.7,19,7,14,28,37.80%,5,5.8,2022
58,Anthony Brown,BAL,24,QB,2,1,22,49,302,5,2.3,21,2,4,11,20.40%,0,,2022
59,Malik Willis,TEN,23,QB,8,3,31,61,276,10,2.7,18,11,2,23,28.80%,9,6,2022
60,Taysom Hill,NOR,32,TE,16,8,13,19,240,2,2.4,8,1,2,5,23.80%,0,,2022
61,Nick Foles,IND,33,QB,3,2,25,42,224,8,2.4,13,4,3,15,29.40%,1,8,2022
62,Nick Mullens,MIN,27,QB,4,0,21,25,224,0,2.4,3,0,4,4,14.80%,2,3,2022
63,Jordan Love,GNB,24,QB,4,0,14,21,195,0,2.1,1,0,0,0,0.00%,0,,2022
64,Trey Lance,SFO,22,QB,2,2,15,31,194,2,2.7,4,4,2,8,21.60%,4,4.3,2022
65,Trevor Siemian,CHI,31,QB,2,1,15,26,184,2,1.5,4,2,2,6,20.70%,1,6,2022
66,Sam Howell,WAS,22,QB,1,1,11,19,169,3,2.7,1,1,0,4,16.00%,3,9,2022
67,Davis Webb,NYG,27,QB,1,1,23,40,168,0,1.8,8,5,7,12,28.60%,2,8,2022
68,Bryce Perkins,LAR,26,QB,5,1,19,34,161,6,2.7,7,6,3,15,34.10%,4,8,2022
69,Nathan Peterman,CHI,28,QB,3,1,14,25,139,1,2.5,5,1,1,3,10.70%,2,3.5,2022
70,Jeff Driskel,HOU,29,QB,7,2,14,20,108,2,1.8,4,2,1,5,20.00%,3,5.3,2022
71,Chris Streveler,NYJ,27,QB,2,1,10,15,90,0,2.5,6,0,4,4,21.10%,4,7.8,2022
72,Jacob Eason,CAR,25,QB,1,0,3,5,59,0,2.2,0,0,1,1,20.00%,0,,2022
73,Tyrod Taylor,NYG,33,QB,3,0,6,8,58,3,2.6,1,0,1,4,26.70%,4,14.3,2022
74,Chase Daniel,LAC,36,QB,4,0,8,12,52,1,1.8,4,0,1,2,14.30%,1,4,2022
75,Brian Hoyer,NWE,37,QB,1,1,5,6,37,1,1.6,4,0,1,2,28.60%,0,,2022
76,C.J. Beathard,JAX,29,QB,4,0,7,11,35,1,1.8,1,0,2,3,25.00%,0,,2022
77,Justin Jefferson*+,MIN,23,WR,17,17,2,2,34,0,1.9,1,0,0,0,0.00%,1,8,2022
78,Christian McCaffrey*,2TM,26,RB,17,16,1,1,34,0,,0,0,0,0,0.00%,0,,2022
79,Tim Boyle,CHI,28,QB,1,0,2,8,33,0,2.4,1,0,1,1,12.50%,0,,2022
80,Blaine Gabbert,TAM,33,QB,1,0,6,8,29,0,1.7,2,0,0,0,0.00%,0,,2022
81,Tyler Boyd,CIN,28,WR,16,14,1,1,23,1,3.3,0,0,0,1,50.00%,0,,2022
82,Kyle Trask,TAM,24,QB,1,0,3,9,23,0,2.3,2,0,2,2,22.20%,0,,2022
83,Brandon Allen,CIN,30,QB,1,0,3,3,22,1,2.5,3,0,0,1,25.00%,0,,2022
84,Riley Dixon,LAR,29,P,17,0,2,2,18,0,1.7,1,0,0,0,0.00%,0,,2022
85,Braden Mann,NYJ,25,P,17,0,1,2,17,0,1.2,2,0,0,0,0.00%,0,,2022
86,Ryan Wright,MIN,22,P,17,0,1,2,13,0,1.5,1,0,0,0,0.00%,0,,2022
87,Josh Johnson,SFO,36,QB,2,0,1,2,10,0,1.4,2,0,0,0,0.00%,0,,2022
88,Case Keenum,BUF,34,QB,2,0,2,7,8,0,1.7,6,0,0,0,0.00%,0,,2022
89,Jack Fox,DET,26,P,17,0,1,1,6,0,1.2,1,0,0,0,0.00%,0,,2022
90,Najee Harris,PIT,24,RB,17,17,1,1,4,0,0.8,0,0,0,0,0.00%,0,,2022
91,Derrick Henry*,TEN,28,RB,16,16,2,2,4,0,1.4,2,0,0,0,0.00%,0,,2022
92,Mack Hollins,LVR,29,WR,17,16,1,1,4,0,3.3,0,0,0,0,0.00%,0,,2022
93,Andy Lee,ARI,40,P,17,0,1,1,4,0,1.9,1,0,0,0,0.00%,0,,2022
94,Braxton Berrios,NYJ,27,WR,17,2,1,1,2,0,1,1,0,0,0,0.00%,0,,2022
95,Chase Claypool,2TM,24,WR,15,11,1,1,1,0,,1,0,1,1,100.00%,0,,2022
96,Rex Burkhead,HOU,32,RB,16,0,0,1,0,0,1,1,0,0,0,0.00%,0,,2022
97,Amari Cooper,CLE,28,WR,17,17,0,1,0,0,1.2,1,0,1,1,100.00%,0,,2022
98,DeeJay Dallas,SEA,24,RB,15,0,0,1,0,0,2.9,0,0,0,0,0.00%,0,,2022
99,Phillip Dorsett,HOU,29,WR,15,4,0,1,0,0,4.4,0,0,1,1,100.00%,0,,2022
100,Leonard Fournette,TAM,27,RB,16,9,0,1,0,0,1.8,0,0,0,0,0.00%,0,,2022
101,Chad Henne,KAN,37,QB,3,0,0,2,0,0,1.8,0,0,0,0,0.00%,0,,2022
102,Christian Kirk,JAX,26,WR,17,17,0,1,0,0,1.1,0,0,0,0,0.00%,0,,2022
103,Cooper Kupp,LAR,29,WR,9,9,0,1,0,0,3.2,0,0,1,1,100.00%,0,,2022
104,James Proche,BAL,26,WR,15,0,0,1,0,0,0.4,0,0,0,0,0.00%,0,,2022
105,Tommy Townsend*+,KAN,26,P,17,0,0,1,0,0,3.3,1,0,0,0,0.00%,0,,2022
106,Garrett Wilson,NYJ,22,WR,17,12,0,1,0,0,4.3,0,0,0,0,0.00%,0,,2022